"Opportunity Name","ID","Opportunity Amount","Currency","Expected Close Date","Sales Stage","Probability (%)","Next Step","Type","Account Name","Description","Amount","Lead Source","campaign_id","Assigned to","Assigned User","Date Created","Date Modified","Created By","Modified By","Deleted","Longitude","Latitude","Geocode Status","Address"
"24/7 Couriers - 1000 units","03b25785-8532-43e0-934f-c8d68cd89b39","$10,000.00","'-99","2023-09-20","Closed Won","100","","New Business","24/7 Couriers","","$10,000.00","Direct Mail","","sarah","seed_sarah_id","2024-07-13 15:15","2026-09-14 20:00","1","1","0","","","",""
"24/7 Couriers - 10000 units","3e97b308-4c28-4468-ba73-2f49fd625d6a","$100,000.00","'-99","2022-09-02","Closed Lost","0","","New Business","24/7 Couriers","","$100,000.00","Direct Mail","","sarah","seed_sarah_id","2022-04-28 07:15","2026-09-14 20:00","1","1","0","","","",""
"24/7 Couriers - 5000 units","da58ab91-4543-49e5-afca-665815e0a0bd","$50,000.00","'-99","2027-05-26","Qualification","20","","Existing Business","24/7 Couriers","","$50,000.00","Existing Customer","","sarah","seed_sarah_id","2026-04-30 11:15","2026-09-14 20:00","1","1","0","","","",""
"360 Vacations - 1000 units","def2cad8-fd45-4a1d-b535-313d3923c708","$10,000.00","'-99","2027-01-28","Negotiation/Review","80","","","360 Vacations","","$10,000.00","Self Generated","","sarah","seed_sarah_id","2025-08-22 17:00","2026-09-14 20:00","1","1","0","","","",""
"360 Vacations - 2500 units","5f210243-6ba1-4b86-ba8a-447b448b3dfd","$25,000.00","'-99","2026-11-28","Identifying Decision Makers","40","","New Business","360 Vacations","","$25,000.00","Public Relations","","sarah","seed_sarah_id","2026-03-25 16:45","2026-09-14 20:00","1","1","0","","","",""


"This is a sample import file which provides an example of the expected contents of a file that is ready for import."
"The file is a comma-delimited .csv file, using double-quotes as the field qualifier."

"The header row is the top-most row in the file and contains the field labels as you would see them in the application."
"These labels are used for mapping the data in the file to the fields in the application."

"Notes: The database names could also be used in the header row. This is useful when you are using phpMyAdmin or another database tool to provide an exported list of data to import."
"The column order is not critical as the import process matches the data to the appropriate fields based on the header row."


"To use this file as a template, do the following:"
"1. Remove the sample rows of data"
"2. Remove the help text that you are reading right now"
"3. Input your own data into the appropriate rows and columns"
"4. Save the file to a known location on your system"
"5. Click on the Import option from the Actions menu in the application and choose the file to upload"
   