"Title","ID","Description","Assigned to","Assigned User Id","Date Created","Date Modified","Created By","Modified By","Deleted","Approval Issues","billing_account_id","billing_contact_id","Billing Street","Billing City","Billing State","Billing Postal Code","Billing Country","Shipping Street","Shipping City","Shipping State","Shipping Postal Code","Shipping Country","Valid Until","Quote Number","opportunity_id","Quote Template","Total","Total (Default Currency)","Subtotal","Subtotal (Default Currency)","Discount","Discount (Default Currency)","Tax","Tax (Default Currency)","Shipping","Shipping (Default Currency)","Shipping Tax","Shipping Tax","Shipping Tax (Default Currency)","Grand Total","Grand Total (Default Currency)","Currency","Quote Stage","Payment Terms","Terms","Approval Status","Invoice Status","Subtotal + Tax","Subtotal + Tax (Default Currency)","Modified By Name","modified_by_name_owner","modified_by_name_mod","Created By","created_by_name_owner","created_by_name_mod","assigned_user_name_owner","assigned_user_name_mod","Account","Contact","Opportunity"
"New Sales 3","55","","will","seed_will_id","2026-09-14 00:00","2026-09-14 00:00","seed_will_id","seed_will_id","0","","","","","","","","","","","","","","2026-10-14","2","","","$0.00","$0.00","$0.00","$0.00","$0.00","$0.00","$","$0.00","$","$0.00","","$0.00","$0.00","$","$0.00","'-99","Draft","","","","Not Invoiced","$","$0.00","will","1","Users","will","1","Users","1","Users","","",""
"TestUserQuoteA","5ddf39e4-dfb8-4c6d-a5d1-8d839cf5ef14","","will","seed_will_id","2026-10-02 21:05","2026-10-02 21:05","seed_will_id","seed_will_id","0","Resolved","","","","","","","","","","","","","2026-11-02","1","","","$","$0.00","$","$0.00","$","$0.00","$","$0.00","$","$0.00","0%","$","$0.00","$","$0.00","'-99","Draft","","","","Not Invoiced","$","$0.00","will","1","Users","will","1","Users","1","Users","","",""
"New Sales 4","66","","will","seed_will_id","2026-09-14 00:00","2026-09-14 00:00","seed_will_id","seed_will_id","0","","","","","","","","","","","","","","2026-10-14","3","","","$0.00","$0.00","$0.00","$0.00","$0.00","$0.00","$","$0.00","$","$0.00","","$0.00","$0.00","$","$0.00","'-99","Draft","","","","Not Invoiced","$","$0.00","will","1","Users","will","1","Users","1","Users","","",""


"This is a sample import file which provides an example of the expected contents of a file that is ready for import."
"The file is a comma-delimited .csv file, using double-quotes as the field qualifier."

"The header row is the top-most row in the file and contains the field labels as you would see them in the application."
"These labels are used for mapping the data in the file to the fields in the application."

"Notes: The database names could also be used in the header row. This is useful when you are using phpMyAdmin or another database tool to provide an exported list of data to import."
"The column order is not critical as the import process matches the data to the appropriate fields based on the header row."


"To use this file as a template, do the following:"
"1. Remove the sample rows of data"
"2. Remove the help text that you are reading right now"
"3. Input your own data into the appropriate rows and columns"
"4. Save the file to a known location on your system"
"5. Click on the Import option from the Actions menu in the application and choose the file to upload"
   